Image,Box_x,xc_x,yc_x,w_x,h_x,Category_x,Confidence_x,Box_y,xc_y,yc_y,w_y,h_y,Category_y,Confidence_y
I00000.jpg,1,372,224,405,249,car,0.997371435,1,270,225,335,270,car,0.494552493
I00000.jpg,1,372,224,405,249,car,0.997371435,2,364,218,400,246,car,0.243143022
I00000.jpg,1,372,224,405,249,car,0.997371435,3,410,229,483,279,car,0.8652
I00000.jpg,1,372,224,405,249,car,0.997371435,4,503,231,575,272,car,0.2896
I00000.jpg,2,270,225,335,270,car,0.745961964,1,270,225,335,270,car,0.494552493
I00000.jpg,2,270,225,335,270,car,0.745961964,2,364,218,400,246,car,0.243143022
I00000.jpg,2,270,225,335,270,car,0.745961964,3,410,229,483,279,car,0.8652
I00000.jpg,2,270,225,335,270,car,0.745961964,4,503,231,575,272,car,0.2896
