Image,Box,xc,yc,w,h,Category,Confidence
I00199.jpg,1,571.0,256.5,28,11,car,0.6726941466331482
I00199.jpg,2,497.0,246.0,40,24,car,0.5573185682296753
