Image,Box,xc,yc,w,h,Category,Confidence
I00599.jpg,1,630.5,239.0,15,24,car,0.7474341988563538
I00599.jpg,2,547.5,227.5,21,17,car,0.6941997408866882
