Image,Box,xc,yc,w,h,Category,Confidence
I00799.jpg,1,195.0,225.5,42,29,car,0.9824104905128479
I00799.jpg,2,337.5,222.5,31,19,car,0.951321542263031
I00799.jpg,3,136.0,240.0,84,58,car,0.8979386687278748
