Image,Box,xc,yc,w,h,Category,Confidence
I01199.jpg,1,71.0,322.5,152,187,car,0.9686385989189148
I01199.jpg,2,604.5,369.0,67,144,car,0.9630386233329773
I01199.jpg,3,189.0,265.0,80,62,car,0.9624408483505249
I01199.jpg,4,529.0,286.5,56,79,motorcycle,0.8853029012680054
I01199.jpg,5,458.0,257.5,24,19,motorcycle,0.5644022822380066
I01199.jpg,6,178.0,106.5,28,39,traffic light,0.5580373406410217
I01199.jpg,7,604.5,272.0,55,36,motorcycle,0.5366289019584656
