Image,Box,xc,yc,w,h,Category,Confidence
I01399.jpg,1,508.0,290.5,174,121,car,0.9919881224632263
I01399.jpg,2,69.0,309.5,138,151,car,0.7867968678474426
I01399.jpg,3,294.5,233.0,49,34,car,0.7398269176483154
I01399.jpg,4,343.5,215.5,69,53,bus,0.675645649433136
