Image,Box,xc,yc,w,h,Category,Confidence
I01599.jpg,1,103.5,229.5,203,193,bus,0.9977445006370544
I01599.jpg,2,591.5,323.5,67,77,bicycle,0.7433090209960938
I01599.jpg,3,453.0,277.5,56,41,bicycle,0.5213343501091003
