Image,Box,xc,yc,w,h,Category,Confidence
I01799.jpg,1,60.0,349.5,120,215,car,0.9531634449958801
I01799.jpg,2,355.5,227.0,25,22,car,0.7983611822128296
I01799.jpg,3,420.5,283.5,75,51,bicycle,0.766852617263794
I01799.jpg,4,379.5,233.5,31,23,car,0.7287365198135376
I01799.jpg,5,594.0,341.0,70,86,bicycle,0.6840594410896301
I01799.jpg,6,535.5,319.5,65,77,bicycle,0.6212085485458374
